-- phpMyAdmin SQL Dump
-- version 4.2.7.1
-- http://www.phpmyadmin.net
--
-- Servidor: 127.0.0.1
-- Tiempo de generación: 09-12-2014 a las 21:06:06
-- Versión del servidor: 5.6.20
-- Versión de PHP: 5.5.15

SET SQL_MODE = "NO_AUTO_VALUE_ON_ZERO";
SET time_zone = "+00:00";


/*!40101 SET @OLD_CHARACTER_SET_CLIENT=@@CHARACTER_SET_CLIENT */;
/*!40101 SET @OLD_CHARACTER_SET_RESULTS=@@CHARACTER_SET_RESULTS */;
/*!40101 SET @OLD_COLLATION_CONNECTION=@@COLLATION_CONNECTION */;
/*!40101 SET NAMES utf8 */;

--
-- Base de datos: `aerolineas`
--

-- --------------------------------------------------------

--
-- Estructura de tabla para la tabla `aeropuertos`
--

CREATE TABLE IF NOT EXISTS `aeropuertos` (
`id` int(11) NOT NULL,
  `codigo` varchar(4) NOT NULL,
  `nombre` varchar(255) NOT NULL,
  `ciudad` varchar(255) NOT NULL,
  `provincia` varchar(255) NOT NULL
) ENGINE=InnoDB  DEFAULT CHARSET=utf8 AUTO_INCREMENT=99 ;

--
-- Volcado de datos para la tabla `aeropuertos`
--

INSERT INTO `aeropuertos` (`id`, `codigo`, `nombre`, `ciudad`, `provincia`) VALUES
(1, 'SAVR', 'Aeropuerto Alto Rio Senguer', 'Alto Rio Senguer', 'Chubut'),
(2, 'SAZA', 'Aeropuerto de Azul', 'Azul', 'Buenos Aires'),
(3, 'SAZB', 'Aeropuerto Comandante Espora', 'Bahia Blanca', 'Buenos Aires'),
(4, 'SAZS', 'Aeropuerto Internacional Teniente Luis Candelaria', 'Bariloche', 'Río Negro'),
(5, 'SAZI', 'Aeropuerto de Bolivar', 'Bolivar', 'Buenos Aires'),
(6, 'SABE', 'Aeroparque Jorge Newbery', 'Buenos Aires', 'CABA'),
(7, 'SADO', 'Aerodromo de Campo de Mayo', 'Campo de Mayo', 'Buenos Aires'),
(8, 'SAHE', 'Aeropuerto de Caviahue', 'Caviahue', 'Neuquen'),
(9, 'SANW', 'Aeropuerto Ceres', 'Ceres', 'Santa Fe'),
(10, 'SACT', 'Aeropuerto Gobernador Gordillo', 'Chamical', 'La Rioja'),
(11, 'SACP', 'Aeropuerto Chepes', 'Chepes', 'La Rioja'),
(12, 'SANO', 'Aeropuerto Chilecito', 'Chilecito', 'La Rioja'),
(13, 'SATC', 'Aeropuerto Clorinda', 'Clorinda', 'Formosa'),
(14, 'SAVC', 'Aeropuerto Internacional General Enrique Mosconi', 'Comodoro Rivadavia', 'Chubut'),
(15, 'SACO', 'Aeropuerto Internacional Ingeniero Ambrosio Taravella', 'Cordoba', 'Cordoba'),
(16, 'SAAC', 'Aeropuerto Comodoro Pierrestegui', 'Concordia', 'Entre Rios'),
(17, 'SAZC', 'Aeropuerto Brigadier Hector Eduardo Ruiz', 'Coronel Suarez', 'Buenos Aires'),
(18, 'SARC', 'Aeropuerto Internacional Doctor Fernando Piragine Niveyro', 'Corrientes', 'Corrientes'),
(19, 'SATU', 'Aeropuerto de Curuzu Cuatia', 'Curuzu Cuatia', 'Corrientes'),
(20, 'SAZW', 'Aeropuerto de Cutral Co', 'Cutral Co', 'Neuquen'),
(21, 'SAZD', 'Aeródromo de Dolores', 'Dolores', 'Buenos Aires'),
(22, 'SADD', 'Aerodromo de Don Torcuato (Cerrado)', 'Don Torcuato', 'Buenos Aires'),
(23, 'SAVB', 'Aeropuerto de El Bolson', 'El Bolson', 'Rio Negro'),
(24, 'SAWC', 'Aeropuerto Comandante Armando Tola', 'El Calafate', 'Santa Cruz'),
(25, 'SAWA', 'Aeropuerto de Lago Argentino (Cerrado)', 'El Calafate', 'Santa Cruz'),
(26, 'SADP', 'Aeropuerto El Palomar', 'El Palomar', 'Buenos Aires'),
(27, 'SAVE', 'Aeropuerto Brigadier General Antonio Parodi', 'Esquel', 'Chubut'),
(28, 'SAEZ', 'Aeropuerto Internacional Ministro Pistarini', 'Ezeiza', 'Buenos Aires'),
(29, 'SARF', 'Aeropuerto Internacional de Formosa', 'Formosa', 'Formosa'),
(30, 'SAMA', 'Aeropuerto de General Alvear', 'General Alvear', 'Mendoza'),
(31, 'SAZG', 'Aeropuerto de General Pico', 'General Pico', 'La Pampa'),
(32, 'SAHR', 'Aeropuerto de General Roca', 'General Roca', 'Rio Negro'),
(33, 'SAVJ', 'Aeropuerto de Ingeniero Jacobacci', 'Ingeniero Jacobacci', 'Rio Negro'),
(34, 'SAAK', 'Aeropuerto Isla Martin Garcia', 'Isla Martin Garcia', 'Buenos Aires'),
(35, 'SADJ', 'Aeropuerto Mariano Moreno', 'Jose C Paz', 'Buenos Aires'),
(36, 'SAAJ', 'Aeropuerto de Junin', 'Junin', 'Buenos Aires'),
(37, 'SAOL', 'Aerodromo de Laboulaye', 'Laboulaye', 'Cordoba'),
(38, 'SACC', 'Aeropuerto La Cumbre', 'La Cumbre', 'Cordoba'),
(39, 'SADL', 'Aeropuerto de La Plata', 'La Plata', 'Buenos Aires'),
(40, 'SANL', 'Aeropuerto Capitan Vicente Almandos Amonacide', 'La Rioja', 'La Rioja'),
(41, 'SAVH', 'Aeropuerto Las Heras', 'Las Heras', 'Santa Cruz'),
(42, 'SATK', 'Aerodromo Alferez Armando Rodriguez', 'Las Lomitas', 'Formosa'),
(43, 'SAMM', 'Aeropuerto Internacional Comodoro Ricardo Salomón', 'Malargue', 'Mendoza'),
(44, 'SAZM', 'Aeropuerto Internacional Astor Piazolla', 'Mar del Plata', 'Buenos Aires'),
(45, 'SAME', 'Aeropuerto Internacional El Plumerillo', 'Mendoza', 'Mendoza'),
(46, 'SAOS', 'Aeropuerto Internacional Valle del Conlara', 'Merlo', 'San Luis'),
(47, 'SAEM', 'Aerodromo Juan Domingo Peron', 'Miramar', 'Buenos Aires'),
(48, 'SARM', 'Aeropuerto de Monte Caseros', 'Monte Caseros', 'Corrientes'),
(49, 'SADM', 'Aeropuerto de Moron', 'Moron', 'Buenos Aires'),
(50, 'SAZO', 'Aeropuerto Edgardo Hugo Yelpo', 'Necochea', 'Buenos Aires'),
(51, 'SAZN', 'Aeropuerto Internacional Presidente Peron', 'Neuquen', 'Neuquen'),
(52, 'SAZF', 'Aeropuerto de Olavarria', 'Olavarria', 'Buenos Aires'),
(53, 'SAAP', 'Aeropuerto General Justo Jose de Urquiza', 'Parana', 'Entre Rios'),
(54, 'SARL', 'Aeropuerto Internacional de Paso de los Libres', 'Paso de los Libres', 'Corrientes'),
(55, 'SAZP', 'Aeropuerto Comodoro P Zanni', 'Pehuajo', 'Buenos Aires'),
(56, 'SASJ', 'Aeropuerto Internacional Gobernador Horacio Guzman', 'Perico', 'Jujuy'),
(57, 'SAWP', 'Aeropuerto Perito Moreno', 'Perito Moreno', 'Santa Cruz'),
(58, 'SARP', 'Aeropuerto Internacional Libertador General Jose de San Martin', 'Posadas', 'Misiones'),
(59, 'SAWD', 'Aeropuerto Puerto Deseado', 'Puerto Deseado', 'Santa Cruz'),
(60, 'SARI', 'Aeropuerto Internacional de Puerto Iguazu', 'Puerto Iguazu', 'Misiones'),
(61, 'SAVY', 'Aeropuerto El Tehuelche', 'Puerto Madryn', 'Chubut'),
(62, 'SAWJ', 'Aeropuerto Capitan Jose Daniel Vazquez', 'Puerto San Julian', 'Santa Cruz'),
(63, 'SAWU', 'Aeropuerto de Puerto Santa Cruz', 'Puerto Santa Cruz', 'Santa Cruz'),
(64, 'SACH', 'Aeropuerto de Presidencia Roque Saenz Pena', 'Presidencia Roque Saenz Pena', 'Chaco'),
(65, 'SATR', 'Aeropuerto Daniel Jurkic', 'Reconquista', 'Santa Fe'),
(66, 'SARE', 'Aeropuerto Internacional de Resistencia', 'Resistencia', 'Chaco'),
(67, 'SAOC', 'Aeropuerto de Rio Cuarto', 'Rio Cuarto', 'Cordoba'),
(68, 'SAWG', 'Aeropuerto Internacional Piloto Civil Norberto Fernandez', 'Rio Gallegos', 'Santa Cruz'),
(69, 'SAWE', 'Aeropuerto Internacional Gob. Ramon Trejo Noel', 'Rio Grande', 'Tierra del Fuego'),
(70, 'SAWT', 'Aeropuerto Rio Turbio', 'Rio Turbio', 'Santa Cruz'),
(71, 'SAAR', 'Aeropuerto Internacional Rosario Islas Malvinas', 'Rosario', 'Santa Fe'),
(72, 'SASA', 'Aeropuerto Internacional Martin Miguel de Guemes', 'Salta', 'Salta'),
(73, 'SADF', 'Aeropuerto Internacional de San Fernando', 'San Fernando', 'Buenos Aires'),
(74, 'SANC', 'Aeropuerto Coronel Felipe Varela', 'San Fernando del Valle de Catamarca', 'Catamarca'),
(75, 'SANU', 'Aeropuerto Domingo Faustino Sarmiento', 'San Juan', 'San Juan'),
(76, 'SAOU', 'Aeropuerto Brigadier Mayor Cesar Raul Ojeda', 'San Luis', 'San Luis'),
(77, 'SAMR', 'Aeropuerto Internacional Suboficial Ayudante Santiago Germano', 'San Rafael', 'Mendoza'),
(78, 'SASO', 'Aero Club Oran', 'San Ramon de la Nueva Oran', 'Salta'),
(79, 'SADS', 'Aeropuerto de San Justo', 'San Justo', 'Buenos Aires'),
(80, 'SANT', 'Aeropuerto Internacional Teniente General Benjamin Matienzo', 'San Miguel de Tucuman', 'Tucuman'),
(81, 'SAZR', 'Aeropuerto de Santa Rosa', 'Santa Rosa', 'La Pampa'),
(82, 'SAZL', 'Aeropuerto de Santa Teresita', 'Santa Teresita', 'Buenos Aires'),
(83, 'SANE', 'Aeropuerto Vicecomodoro Angel de la Paz Aragones', 'Santiago del Estero', 'Santiago del Estero'),
(84, 'SAZY', 'Aeropuerto Aviador Carlos Campos', 'San Martin de los Andes', 'Neuquen'),
(85, 'SAAV', 'Aeropuerto de Sauce Viejo', 'Sauce Viejo', 'Santa Fe'),
(86, 'SAFS', 'Aeropuerto de Sunchales', 'Sunchales', 'Santa Fe'),
(87, 'SAZT', 'Aeropuerto de Tandil', 'Tandil', 'Buenos Aires'),
(88, 'SAST', 'Aeropuerto de Tartagal', 'Tartagal', 'Salta'),
(89, 'SANR', 'Aeropuerto Internacional Termas de Rio Hondo', 'Termas de Rio Hondo', 'Santiago del Estero'),
(90, 'SAVT', 'Aeropuerto Almirante Marco Andres Zar', 'Trelew', 'Chubut'),
(91, 'SAZH', 'Aeropuerto Municipal Primer Teniente Hector Ricardo Volponi', 'Tres Arroyos', 'Buenos Aires'),
(92, 'SAWH', 'Aeropuerto de Ushuaia', 'Ushuaia', 'Tierra del Fuego'),
(93, 'SAVV', 'Aeropuerto Gobernador Edgardo Castello', 'Viedma', 'Rio Negro'),
(94, 'SAOD', 'Aeropuerto de Villa Dolores', 'Villa Dolores', 'Cordoba'),
(95, 'SAZV', 'Aeropuerto de Villa Gesell', 'Villa Gesell', 'Buenos Aires'),
(96, 'SAOR', 'Aeropuerto de Villa Reynolds', 'Villa Reynolds', 'San Luis'),
(97, 'SAAU', 'Aeropuerto de Villaguay', 'Villaguay', 'Entre Rios'),
(98, 'SAHZ', 'Aeropuerto de Zapala', 'Zapala', 'Neuquen');

-- --------------------------------------------------------

--
-- Estructura de tabla para la tabla `aviones`
--

CREATE TABLE IF NOT EXISTS `aviones` (
`id` int(11) NOT NULL,
  `marca` varchar(255) NOT NULL,
  `modelo` varchar(255) NOT NULL,
  `asientos_primera` int(11) NOT NULL,
  `filas_primera` int(11) NOT NULL,
  `columnas_primera` int(11) NOT NULL,
  `asientos_economy` int(11) NOT NULL,
  `filas_economy` int(11) NOT NULL,
  `columnas_economy` int(11) NOT NULL
) ENGINE=InnoDB  DEFAULT CHARSET=utf8 AUTO_INCREMENT=5 ;

--
-- Volcado de datos para la tabla `aviones`
--

INSERT INTO `aviones` (`id`, `marca`, `modelo`, `asientos_primera`, `filas_primera`, `columnas_primera`, `asientos_economy`, `filas_economy`, `columnas_economy`) VALUES
(1, 'embraer', 'EMB-120', 0, 0, 0, 30, 10, 3),
(2, 'embraer', 'ER-145', 10, 5, 2, 70, 14, 5),
(3, 'embraer', 'ER-145', 20, 10, 2, 105, 21, 5),
(4, 'embraer', 'ER-170', 30, 10, 3, 120, 30, 4);

-- --------------------------------------------------------

--
-- Estructura de tabla para la tabla `categorias`
--

CREATE TABLE IF NOT EXISTS `categorias` (
`id` int(11) NOT NULL,
  `nombre` varchar(255) NOT NULL
) ENGINE=InnoDB  DEFAULT CHARSET=utf8 AUTO_INCREMENT=3 ;

--
-- Volcado de datos para la tabla `categorias`
--

INSERT INTO `categorias` (`id`, `nombre`) VALUES
(1, 'economy'),
(2, 'primera');

-- --------------------------------------------------------

--
-- Estructura de tabla para la tabla `pasajeros`
--

CREATE TABLE IF NOT EXISTS `pasajeros` (
`id` int(11) NOT NULL,
  `nombre` varchar(255) NOT NULL,
  `dni` int(11) NOT NULL,
  `fecha` varchar(255) NOT NULL,
  `correo` varchar(255) NOT NULL
) ENGINE=InnoDB  DEFAULT CHARSET=utf8 AUTO_INCREMENT=49 ;

--
-- Volcado de datos para la tabla `pasajeros`
--

INSERT INTO `pasajeros` (`id`, `nombre`, `dni`, `fecha`, `correo`) VALUES
(1, 'fernanda', 3342342, '12-12-1985', 'fer@fma.com'),
(2, 'fernando galvez', 31333923, '12/29/2014', 'ferep@fgfd.com'),
(9, 'Patricia Piazza', 14435185, '12/01/2014', 'frp@fgfd.com'),
(10, 'Patricia Piazss', 23434234, '12/01/2014', 'frp@fgfd.com'),
(11, 'jlieta', 32423423, '12/01/2014', 'frp@fgfd.com'),
(12, 'fgdfgdfgd', 3545345, '12/01/2014', 'frp@fgfd.com'),
(13, 'Gabriel', 21324324, '12/01/2014', 'frp@fgfd.com'),
(14, 'Pablo', 234234234, '12/01/2014', 'frp@fgfd.com'),
(15, 'gaby campos', 4354535, '12/01/2014', 'ferep@fgfd.com'),
(16, 'Pepito', 45343545, '12/02/2014', 'frp@fgfd.com'),
(17, 'rorororo', 352432342, '12/01/2014', 'frp@fgfd.com'),
(18, 'rjfoeejfoiejrfefr', 2147483647, '12/01/2014', 'frp@fgfd.com'),
(19, 'vrvrvrtv', 3433434, '12/07/2014', 'frp@fgfd.com'),
(21, 'htyhyht', 453334534, '12/01/2014', 'frp@fgfd.com'),
(22, 'fernando pezzutti', 94823094, '12/02/2014', 'frp@fgfd.com'),
(30, 'Tito pezzutti', 222222, '12/01/2014', 'frp@fgfd.com'),
(31, 'Tito pezzutti', 12121212, '12/01/2014', 'frp@fgfd.com'),
(32, 'Elena Onesko', 23122988, '08/05/2014', 'ferep@fgfd.com'),
(33, 'Elena Onesko', 2312278, '08/05/2014', 'ferep@fgfd.com'),
(34, 'Elena Onesko', 231212278, '08/05/2014', 'ferep@fgfd.com'),
(35, 'Elena Onesko', 1212278, '08/05/2014', 'ferep@fgfd.com'),
(36, 'Elena Onesko', 812278, '08/05/2014', 'ferep@fgfd.com'),
(37, 'Elena Onesko', 12278, '08/05/2014', 'ferep@fgfd.com'),
(38, 'Elena Onesko', 278, '08/05/2014', 'ferep@fgfd.com'),
(39, 'gamez', 555, '12/01/2014', 'frp@fgfd.com'),
(41, 'romualdo lopez', 90, '12/01/2014', 'frp@fgfd.com'),
(45, 'titin pezzuttin', 7, '12/01/2014', 'frp@fgfd.com'),
(46, 'Fernanda', 55, '12/01/2014', 'ferpezzutti@gmail.com'),
(47, 'Fernanda', 332, '12/02/2014', 'fsdf@gmail.com'),
(48, 'juli', 3499332, '2014-12-01', 'ferpezzutti@gmail.com');

-- --------------------------------------------------------

--
-- Estructura de tabla para la tabla `pasajes`
--

CREATE TABLE IF NOT EXISTS `pasajes` (
`id` int(11) NOT NULL,
  `id_categorias` int(11) NOT NULL,
  `id_vuelo` int(11) NOT NULL,
  `id_pasajero` int(11) NOT NULL,
  `asiento` int(11) DEFAULT NULL,
  `fecha` date NOT NULL,
  `id_reserva` int(11) NOT NULL
) ENGINE=InnoDB  DEFAULT CHARSET=utf8 AUTO_INCREMENT=8 ;

--
-- Volcado de datos para la tabla `pasajes`
--

INSERT INTO `pasajes` (`id`, `id_categorias`, `id_vuelo`, `id_pasajero`, `asiento`, `fecha`, `id_reserva`) VALUES
(5, 1, 1, 1, NULL, '2014-12-09', 2),
(6, 1, 1, 45, 1, '2014-12-09', 35),
(7, 1, 1, 48, 7, '2014-12-09', 37);

-- --------------------------------------------------------

--
-- Estructura de tabla para la tabla `reservas`
--

CREATE TABLE IF NOT EXISTS `reservas` (
`id` int(11) NOT NULL,
  `id_pasajero` int(11) NOT NULL,
  `id_vuelo` int(11) NOT NULL,
  `id_categorias` int(11) NOT NULL,
  `fecha` date NOT NULL,
  `en_espera` char(1) NOT NULL DEFAULT 'N',
  `fecha_vuelo` date NOT NULL
) ENGINE=InnoDB  DEFAULT CHARSET=utf8 AUTO_INCREMENT=38 ;

--
-- Volcado de datos para la tabla `reservas`
--

INSERT INTO `reservas` (`id`, `id_pasajero`, `id_vuelo`, `id_categorias`, `fecha`, `en_espera`, `fecha_vuelo`) VALUES
(2, 1, 1, 1, '0000-00-00', 'N', '0000-00-00'),
(3, 14, 1, 1, '0000-00-00', 'N', '0000-00-00'),
(4, 15, 2, 1, '2014-12-08', 'N', '0000-00-00'),
(5, 16, 1, 1, '2014-12-08', 'N', '0000-00-00'),
(10, 19, 1, 1, '2014-12-08', 'N', '0000-00-00'),
(31, 41, 1, 1, '2014-12-09', 'N', '0000-00-00'),
(35, 45, 1, 1, '2014-12-09', 'N', '0000-00-00'),
(36, 47, 1, 1, '2014-12-09', 'N', '2014-12-09'),
(37, 48, 1, 1, '2014-12-09', 'N', '2014-12-09');

-- --------------------------------------------------------

--
-- Estructura de tabla para la tabla `vuelos`
--

CREATE TABLE IF NOT EXISTS `vuelos` (
`id` int(11) NOT NULL,
  `precio_economy` decimal(7,2) NOT NULL,
  `precio_primera` decimal(7,2) NOT NULL,
  `id_origen` int(11) NOT NULL,
  `id_destino` int(11) NOT NULL,
  `id_avion` int(11) NOT NULL
) ENGINE=InnoDB  DEFAULT CHARSET=utf8 AUTO_INCREMENT=261 ;

--
-- Volcado de datos para la tabla `vuelos`
--

INSERT INTO `vuelos` (`id`, `precio_economy`, `precio_primera`, `id_origen`, `id_destino`, `id_avion`) VALUES
(1, '1191.00', '1464.93', 1, 84, 3),
(2, '1836.00', '2258.28', 2, 20, 2),
(3, '2497.00', '3071.31', 3, 95, 1),
(4, '2161.00', '2658.03', 4, 87, 4),
(5, '1228.00', '1510.44', 5, 4, 3),
(6, '968.00', '1190.64', 7, 55, 2),
(7, '1281.00', '1575.63', 8, 50, 3),
(8, '2085.00', '2564.55', 9, 51, 2),
(9, '1656.00', '2036.88', 10, 44, 3),
(10, '1982.00', '2437.86', 11, 82, 2),
(11, '924.00', '1136.52', 12, 5, 1),
(12, '2108.00', '2592.84', 13, 91, 4),
(13, '915.00', '1125.45', 14, 31, 2),
(14, '1182.00', '1453.86', 15, 52, 2),
(15, '1587.00', '1952.01', 16, 21, 2),
(16, '1564.00', '1923.72', 17, 17, 2),
(17, '2477.00', '3046.71', 18, 3, 3),
(18, '2491.00', '3063.93', 19, 2, 4),
(19, '1555.00', '1912.65', 20, 63, 1),
(20, '2451.00', '3014.73', 21, 70, 3),
(21, '1762.00', '2167.26', 22, 57, 3),
(22, '2314.00', '2846.22', 23, 62, 2),
(23, '1661.00', '2043.03', 24, 92, 4),
(24, '1317.00', '1619.91', 25, 68, 3),
(25, '2257.00', '2776.11', 26, 69, 1),
(26, '2021.00', '2485.83', 27, 59, 3),
(27, '1933.00', '2377.59', 28, 24, 1),
(28, '950.00', '1168.50', 29, 25, 3),
(29, '1216.00', '1495.68', 30, 61, 1),
(30, '1946.00', '2393.58', 31, 93, 2),
(31, '1889.00', '2323.47', 32, 90, 2),
(32, '887.00', '1091.01', 33, 1, 2),
(33, '1131.00', '1391.13', 34, 33, 4),
(34, '913.00', '1122.99', 35, 41, 1),
(35, '2326.00', '2860.98', 36, 27, 4),
(36, '1306.00', '1606.38', 37, 14, 4),
(37, '1721.00', '2116.83', 38, 23, 2),
(38, '2181.00', '2682.63', 39, 19, 3),
(39, '1821.00', '2239.83', 40, 65, 2),
(40, '1956.00', '2405.88', 41, 42, 2),
(41, '2209.00', '2717.07', 42, 13, 4),
(42, '2197.00', '2702.31', 43, 88, 1),
(43, '1358.00', '1670.34', 44, 78, 1),
(44, '895.00', '1100.85', 45, 56, 4),
(45, '847.00', '1041.81', 46, 64, 4),
(46, '2045.00', '2515.35', 47, 64, 2),
(47, '1109.00', '1364.07', 48, 58, 3),
(48, '1763.00', '2168.49', 49, 48, 2),
(49, '1665.00', '2047.95', 50, 54, 1),
(50, '1809.00', '2225.07', 51, 60, 2),
(51, '1841.00', '2264.43', 52, 29, 2),
(52, '1079.00', '1327.17', 53, 66, 3),
(53, '1108.00', '1362.84', 54, 18, 4),
(54, '2112.00', '2597.76', 55, 76, 2),
(55, '2412.00', '2966.76', 56, 46, 2),
(56, '1980.00', '2435.40', 57, 96, 1),
(57, '862.00', '1060.26', 58, 37, 4),
(58, '1525.00', '1875.75', 59, 94, 1),
(59, '2229.00', '2741.67', 60, 67, 3),
(60, '870.00', '1070.10', 61, 9, 4),
(61, '2166.00', '2664.18', 62, 75, 2),
(62, '1173.00', '1442.79', 63, 80, 3),
(63, '2001.00', '2461.23', 64, 89, 2),
(64, '2217.00', '2726.91', 65, 12, 1),
(65, '2334.00', '2870.82', 66, 40, 1),
(66, '2014.00', '2477.22', 67, 83, 1),
(67, '1462.00', '1798.26', 68, 74, 1),
(68, '2269.00', '2790.87', 69, 77, 1),
(69, '2205.00', '2712.15', 70, 43, 2),
(70, '1097.00', '1349.31', 71, 45, 1),
(71, '989.00', '1216.47', 64, 30, 1),
(72, '2357.00', '2899.11', 73, 98, 3),
(73, '1716.00', '2110.68', 74, 32, 4),
(74, '1387.00', '1706.01', 75, 8, 4),
(75, '1032.00', '1269.36', 76, 86, 2),
(76, '1577.00', '1939.71', 77, 28, 3),
(77, '1456.00', '1790.88', 78, 47, 2),
(78, '1342.00', '1650.66', 79, 79, 1),
(79, '1632.00', '2007.36', 80, 26, 3),
(80, '2414.00', '2969.22', 81, 7, 3),
(81, '2350.00', '2890.50', 82, 49, 2),
(82, '1840.00', '2263.20', 83, 39, 3),
(83, '2095.00', '2576.85', 84, 35, 3),
(84, '1763.00', '2168.49', 85, 73, 1),
(85, '2284.00', '2809.32', 86, 22, 2),
(86, '2272.00', '2794.56', 87, 10, 3),
(87, '1849.00', '2274.27', 88, 11, 4),
(88, '1552.00', '1908.96', 89, 15, 2),
(89, '2472.00', '3040.56', 90, 38, 2),
(90, '2390.00', '2939.70', 91, 6, 2),
(91, '1498.00', '1842.54', 92, 85, 3),
(92, '1183.00', '1455.09', 93, 97, 4),
(93, '1322.00', '1626.06', 94, 71, 2),
(94, '1227.00', '1509.21', 95, 53, 2),
(95, '1546.00', '1901.58', 96, 34, 3),
(96, '830.00', '1020.90', 97, 36, 2),
(97, '1973.00', '2426.79', 98, 16, 2),
(98, '2477.00', '3046.71', 6, 7, 2),
(99, '2327.00', '2862.21', 6, 8, 1),
(100, '1071.00', '1317.33', 6, 9, 1),
(101, '2312.00', '2843.76', 6, 10, 4),
(102, '980.00', '1205.40', 6, 11, 3),
(103, '2138.00', '2629.74', 6, 12, 4),
(104, '1947.00', '2394.81', 6, 13, 1),
(105, '958.00', '1178.34', 6, 14, 1),
(106, '2083.00', '2562.09', 6, 15, 1),
(107, '2093.00', '2574.39', 6, 16, 3),
(108, '1062.00', '1306.26', 6, 17, 3),
(109, '1376.00', '1692.48', 6, 18, 3),
(110, '1429.00', '1757.67', 6, 19, 1),
(111, '1159.00', '1425.57', 6, 20, 4),
(112, '1741.00', '2141.43', 6, 21, 1),
(113, '2395.00', '2945.85', 6, 22, 3),
(114, '1159.00', '1425.57', 6, 23, 3),
(115, '1334.00', '1640.82', 6, 24, 1),
(116, '1792.00', '2204.16', 6, 25, 3),
(117, '1234.00', '1517.82', 6, 26, 3),
(118, '1954.00', '2403.42', 6, 27, 3),
(119, '1237.00', '1521.51', 6, 28, 1),
(120, '1163.00', '1430.49', 6, 29, 2),
(121, '1653.00', '2033.19', 6, 30, 3),
(122, '1757.00', '2161.11', 6, 31, 2),
(123, '2321.00', '2854.83', 6, 32, 2),
(124, '1237.00', '1521.51', 6, 33, 1),
(125, '1846.00', '2270.58', 6, 34, 3),
(126, '2188.00', '2691.24', 6, 35, 4),
(127, '1617.00', '1988.91', 6, 36, 2),
(128, '1105.00', '1359.15', 6, 37, 4),
(129, '1610.00', '1980.30', 6, 38, 3),
(130, '1871.00', '2301.33', 6, 39, 4),
(131, '1369.00', '1683.87', 6, 40, 1),
(132, '1995.00', '2453.85', 6, 41, 2),
(133, '2139.00', '2630.97', 6, 42, 1),
(134, '2236.00', '2750.28', 6, 43, 3),
(135, '1275.00', '1568.25', 6, 44, 4),
(136, '1515.00', '1863.45', 6, 45, 3),
(137, '2487.00', '3059.01', 6, 46, 4),
(138, '2163.00', '2660.49', 6, 47, 4),
(139, '2414.00', '2969.22', 6, 48, 1),
(140, '2399.00', '2950.77', 6, 49, 4),
(141, '1905.00', '2343.15', 6, 50, 2),
(142, '2457.00', '3022.11', 6, 51, 1),
(143, '1366.00', '1680.18', 6, 52, 2),
(144, '2474.00', '3043.02', 6, 53, 3),
(145, '1201.00', '1477.23', 6, 54, 2),
(146, '2197.00', '2702.31', 6, 55, 3),
(147, '1228.00', '1510.44', 6, 56, 1),
(148, '1796.00', '2209.08', 6, 57, 3),
(149, '2469.00', '3036.87', 6, 58, 1),
(150, '1629.00', '2003.67', 6, 59, 1),
(151, '1856.00', '2282.88', 6, 60, 2),
(152, '952.00', '1170.96', 6, 61, 1),
(153, '834.00', '1025.82', 6, 62, 4),
(154, '2372.00', '2917.56', 6, 63, 3),
(155, '1249.00', '1536.27', 6, 64, 1),
(156, '1951.00', '2399.73', 6, 65, 2),
(157, '1767.00', '2173.41', 6, 66, 3),
(158, '918.00', '1129.14', 6, 67, 2),
(159, '2014.00', '2477.22', 6, 68, 4),
(160, '1437.00', '1767.51', 6, 69, 3),
(161, '1450.00', '1783.50', 6, 70, 4),
(162, '933.00', '1147.59', 6, 71, 2),
(163, '1140.00', '1402.20', 6, 64, 1),
(164, '2264.00', '2784.72', 6, 73, 4),
(165, '2404.00', '2956.92', 6, 74, 1),
(166, '1166.00', '1434.18', 6, 75, 1),
(167, '1519.00', '1868.37', 6, 76, 2),
(168, '1784.00', '2194.32', 6, 77, 3),
(169, '2445.00', '3007.35', 6, 78, 1),
(170, '1734.00', '2132.82', 6, 79, 4),
(171, '1955.00', '2404.65', 6, 80, 3),
(172, '2158.00', '2654.34', 6, 81, 2),
(173, '2236.00', '2750.28', 6, 82, 2),
(174, '1966.00', '2418.18', 6, 83, 3),
(175, '2121.00', '2608.83', 6, 84, 3),
(176, '1606.00', '1975.38', 6, 85, 3),
(177, '1710.00', '2103.30', 6, 86, 3),
(178, '1285.00', '1580.55', 6, 87, 2),
(179, '1273.00', '1565.79', 6, 88, 2),
(180, '2308.00', '2838.84', 6, 89, 2),
(181, '1934.00', '2378.82', 6, 90, 1),
(182, '1573.00', '1934.79', 6, 91, 2),
(183, '827.00', '1017.21', 6, 92, 4),
(184, '1052.00', '1293.96', 6, 93, 3),
(185, '1030.00', '1266.90', 6, 94, 3),
(186, '1378.00', '1694.94', 6, 95, 2),
(187, '1286.00', '1581.78', 6, 96, 4),
(188, '2259.00', '2778.57', 6, 97, 2),
(189, '1432.00', '1761.36', 6, 98, 1),
(190, '1591.00', '1956.93', 15, 28, 2),
(191, '884.00', '1087.32', 15, 29, 3),
(192, '2012.00', '2474.76', 15, 30, 1),
(193, '2432.00', '2991.36', 15, 31, 2),
(194, '817.00', '1004.91', 15, 32, 2),
(195, '2160.00', '2656.80', 15, 33, 4),
(196, '985.00', '1211.55', 15, 34, 4),
(197, '1178.00', '1448.94', 15, 35, 3),
(198, '2078.00', '2555.94', 15, 36, 1),
(199, '1153.00', '1418.19', 15, 37, 2),
(200, '1585.00', '1949.55', 15, 38, 3),
(201, '2128.00', '2617.44', 15, 39, 2),
(202, '1729.00', '2126.67', 15, 40, 4),
(203, '1202.00', '1478.46', 15, 41, 2),
(204, '2399.00', '2950.77', 15, 42, 4),
(205, '2277.00', '2800.71', 15, 43, 1),
(206, '1339.00', '1646.97', 15, 44, 3),
(207, '2364.00', '2907.72', 15, 45, 2),
(208, '1305.00', '1605.15', 15, 46, 1),
(209, '2344.00', '2883.12', 15, 47, 2),
(210, '817.00', '1004.91', 15, 48, 3),
(211, '1728.00', '2125.44', 15, 49, 1),
(212, '1820.00', '2238.60', 15, 50, 4),
(213, '2174.00', '2674.02', 15, 51, 1),
(214, '839.00', '1031.97', 15, 52, 4),
(215, '927.00', '1140.21', 15, 53, 3),
(216, '853.00', '1049.19', 15, 54, 2),
(217, '2189.00', '2692.47', 15, 55, 1),
(218, '1130.00', '1389.90', 15, 56, 4),
(219, '1039.00', '1277.97', 15, 57, 1),
(220, '2038.00', '2506.74', 15, 58, 3),
(221, '2159.00', '2655.57', 15, 59, 1),
(222, '2253.00', '2771.19', 15, 60, 4),
(223, '2374.00', '2920.02', 15, 61, 4),
(224, '2477.00', '3046.71', 15, 62, 3),
(225, '1020.00', '1254.60', 15, 63, 2),
(226, '1045.00', '1285.35', 15, 64, 1),
(227, '1484.00', '1825.32', 15, 65, 3),
(228, '1846.00', '2270.58', 15, 66, 3),
(229, '2054.00', '2526.42', 15, 67, 2),
(230, '2392.00', '2942.16', 15, 68, 3),
(231, '1687.00', '2075.01', 15, 69, 4),
(232, '959.00', '1179.57', 15, 70, 2),
(233, '1147.00', '1410.81', 15, 71, 4),
(234, '2302.00', '2831.46', 15, 64, 3),
(235, '2399.00', '2950.77', 15, 73, 3),
(236, '1572.00', '1933.56', 15, 74, 2),
(237, '1361.00', '1674.03', 15, 75, 1),
(238, '1982.00', '2437.86', 15, 76, 2),
(239, '2395.00', '2945.85', 15, 77, 3),
(240, '2383.00', '2931.09', 15, 78, 3),
(241, '1300.00', '1599.00', 15, 79, 2),
(242, '2431.00', '2990.13', 15, 80, 2),
(243, '1653.00', '2033.19', 15, 81, 4),
(244, '1945.00', '2392.35', 15, 82, 1),
(245, '1654.00', '2034.42', 15, 83, 1),
(246, '1778.00', '2186.94', 15, 84, 2),
(247, '2246.00', '2762.58', 15, 85, 1),
(248, '1985.00', '2441.55', 15, 86, 1),
(249, '2463.00', '3029.49', 15, 87, 4),
(250, '1504.00', '1849.92', 15, 88, 2),
(251, '1398.00', '1719.54', 15, 89, 4),
(252, '813.00', '999.99', 15, 90, 4),
(253, '2288.00', '2814.24', 15, 91, 4),
(254, '1916.00', '2356.68', 15, 92, 2),
(255, '1321.00', '1624.83', 15, 93, 1),
(256, '941.00', '1157.43', 15, 94, 2),
(257, '2049.00', '2520.27', 15, 95, 2),
(258, '2313.00', '2844.99', 15, 96, 3),
(259, '2400.00', '2952.00', 15, 97, 2),
(260, '1347.00', '1656.81', 15, 98, 2);

-- --------------------------------------------------------

--
-- Estructura de tabla para la tabla `vuelo_dia`
--

CREATE TABLE IF NOT EXISTS `vuelo_dia` (
  `id_vuelo` int(11) NOT NULL,
  `dia` varchar(2) NOT NULL
) ENGINE=InnoDB DEFAULT CHARSET=utf8;

--
-- Volcado de datos para la tabla `vuelo_dia`
--

INSERT INTO `vuelo_dia` (`id_vuelo`, `dia`) VALUES
(1, 'Lu'),
(1, 'Ma'),
(1, 'Mi'),
(2, 'Do'),
(2, 'Ma'),
(2, 'Mi'),
(3, 'Do'),
(3, 'Ma'),
(3, 'Mi'),
(3, 'Sa'),
(3, 'Vi'),
(4, 'Sa'),
(5, 'Do'),
(5, 'Ju'),
(5, 'Vi'),
(6, 'Sa'),
(6, 'Vi'),
(7, 'Ma'),
(7, 'Vi'),
(8, 'Ju'),
(8, 'Lu'),
(8, 'Ma'),
(9, 'Do'),
(9, 'Ju'),
(9, 'Ma'),
(9, 'Mi'),
(10, 'Ma'),
(10, 'Mi'),
(10, 'Sa'),
(11, 'Ma'),
(11, 'Mi'),
(12, 'Do'),
(12, 'Lu'),
(12, 'Vi'),
(13, 'Do'),
(13, 'Lu'),
(13, 'Ma'),
(13, 'Mi'),
(13, 'Sa'),
(14, 'Do'),
(14, 'Ju'),
(14, 'Lu'),
(14, 'Ma'),
(14, 'Mi'),
(14, 'Vi'),
(15, 'Ju'),
(15, 'Lu'),
(15, 'Mi'),
(15, 'Sa'),
(15, 'Vi'),
(16, 'Do'),
(16, 'Ju'),
(16, 'Ma'),
(16, 'Mi'),
(16, 'Vi'),
(17, 'Do'),
(17, 'Lu'),
(17, 'Ma'),
(17, 'Mi'),
(17, 'Sa'),
(18, 'Ju'),
(18, 'Lu'),
(18, 'Ma'),
(18, 'Mi'),
(18, 'Vi'),
(19, 'Do'),
(19, 'Ju'),
(19, 'Lu'),
(19, 'Sa'),
(19, 'Vi'),
(20, 'Ma'),
(20, 'Mi'),
(21, 'Do'),
(21, 'Ju'),
(21, 'Lu'),
(21, 'Vi'),
(22, 'Do'),
(22, 'Ma'),
(22, 'Mi'),
(23, 'Do'),
(23, 'Ju'),
(23, 'Lu'),
(23, 'Sa'),
(24, 'Do'),
(24, 'Lu'),
(24, 'Sa'),
(24, 'Vi'),
(25, 'Ju'),
(25, 'Mi'),
(25, 'Sa'),
(25, 'Vi'),
(26, 'Ju'),
(26, 'Lu'),
(26, 'Vi'),
(27, 'Do'),
(27, 'Ju'),
(27, 'Ma'),
(27, 'Mi'),
(27, 'Sa'),
(28, 'Mi'),
(28, 'Sa'),
(28, 'Vi'),
(29, 'Ma'),
(29, 'Sa'),
(30, 'Do'),
(30, 'Ju'),
(30, 'Lu'),
(30, 'Mi'),
(30, 'Sa'),
(31, 'Do'),
(31, 'Ju'),
(31, 'Lu'),
(31, 'Ma'),
(32, 'Do'),
(32, 'Mi'),
(32, 'Sa'),
(32, 'Vi'),
(33, 'Lu'),
(33, 'Ma'),
(33, 'Mi'),
(33, 'Sa'),
(34, 'Do'),
(34, 'Lu'),
(35, 'Do'),
(35, 'Ju'),
(35, 'Sa'),
(36, 'Ju'),
(36, 'Ma'),
(36, 'Mi'),
(36, 'Sa'),
(37, 'Ju'),
(37, 'Vi'),
(38, 'Do'),
(38, 'Lu'),
(38, 'Sa'),
(39, 'Do'),
(39, 'Ju'),
(39, 'Lu'),
(39, 'Ma'),
(39, 'Vi'),
(40, 'Do'),
(40, 'Ju'),
(40, 'Lu'),
(40, 'Mi'),
(40, 'Sa'),
(41, 'Lu'),
(41, 'Ma'),
(41, 'Mi'),
(41, 'Sa'),
(41, 'Vi'),
(42, 'Do'),
(42, 'Ju'),
(42, 'Lu'),
(42, 'Mi'),
(42, 'Sa'),
(42, 'Vi'),
(43, 'Ma'),
(44, 'Ju'),
(44, 'Sa'),
(44, 'Vi'),
(45, 'Do'),
(45, 'Mi'),
(46, 'Do'),
(46, 'Lu'),
(46, 'Mi'),
(46, 'Vi'),
(47, 'Ma'),
(47, 'Sa'),
(47, 'Vi'),
(48, 'Do'),
(48, 'Ju'),
(48, 'Lu'),
(48, 'Ma'),
(48, 'Sa'),
(48, 'Vi'),
(49, 'Do'),
(49, 'Ju'),
(49, 'Ma'),
(49, 'Vi'),
(50, 'Sa'),
(51, 'Vi'),
(52, 'Do'),
(52, 'Ju'),
(52, 'Vi'),
(53, 'Do'),
(53, 'Ju'),
(53, 'Lu'),
(53, 'Ma'),
(53, 'Mi'),
(53, 'Vi'),
(54, 'Do'),
(54, 'Lu'),
(54, 'Ma'),
(55, 'Ma'),
(55, 'Vi'),
(56, 'Do'),
(56, 'Mi'),
(57, 'Do'),
(57, 'Ju'),
(57, 'Lu'),
(57, 'Ma'),
(57, 'Mi'),
(57, 'Sa'),
(57, 'Vi'),
(58, 'Do'),
(58, 'Lu'),
(59, 'Do'),
(59, 'Ju'),
(59, 'Lu'),
(59, 'Sa'),
(59, 'Vi'),
(60, 'Vi'),
(61, 'Ju'),
(62, 'Lu'),
(62, 'Sa'),
(63, 'Do'),
(63, 'Ju'),
(63, 'Lu'),
(63, 'Mi'),
(63, 'Sa'),
(63, 'Vi'),
(64, 'Do'),
(64, 'Ju'),
(64, 'Ma'),
(64, 'Sa'),
(64, 'Vi'),
(65, 'Lu'),
(65, 'Vi'),
(66, 'Ma'),
(66, 'Mi'),
(66, 'Sa'),
(67, 'Do'),
(67, 'Ju'),
(67, 'Ma'),
(67, 'Vi'),
(68, 'Do'),
(68, 'Sa'),
(68, 'Vi'),
(69, 'Ju'),
(69, 'Lu'),
(69, 'Mi'),
(69, 'Sa'),
(70, 'Do'),
(70, 'Mi'),
(71, 'Do'),
(71, 'Mi'),
(71, 'Sa'),
(72, 'Do'),
(73, 'Ju'),
(73, 'Lu'),
(73, 'Sa'),
(74, 'Do'),
(74, 'Ju'),
(74, 'Ma'),
(74, 'Mi'),
(74, 'Vi'),
(75, 'Do'),
(75, 'Ju'),
(75, 'Mi'),
(75, 'Vi'),
(76, 'Ju'),
(76, 'Lu'),
(76, 'Ma'),
(76, 'Mi'),
(76, 'Sa'),
(76, 'Vi'),
(77, 'Do'),
(77, 'Lu'),
(77, 'Vi'),
(78, 'Lu'),
(78, 'Mi'),
(78, 'Vi'),
(79, 'Lu'),
(79, 'Ma'),
(79, 'Mi'),
(79, 'Vi'),
(80, 'Ju'),
(80, 'Vi'),
(81, 'Do'),
(81, 'Ju'),
(81, 'Lu'),
(81, 'Ma'),
(81, 'Vi'),
(82, 'Do'),
(82, 'Ju'),
(82, 'Ma'),
(83, 'Do'),
(83, 'Ma'),
(83, 'Mi'),
(84, 'Mi'),
(84, 'Vi'),
(85, 'Ma'),
(85, 'Sa'),
(85, 'Vi'),
(86, 'Lu'),
(86, 'Vi'),
(87, 'Do'),
(87, 'Lu'),
(88, 'Ju'),
(88, 'Mi'),
(88, 'Sa'),
(88, 'Vi'),
(89, 'Ju'),
(89, 'Ma'),
(89, 'Sa'),
(89, 'Vi'),
(90, 'Do'),
(90, 'Ju'),
(90, 'Lu'),
(90, 'Ma'),
(90, 'Mi'),
(90, 'Vi'),
(91, 'Mi'),
(91, 'Sa'),
(91, 'Vi'),
(92, 'Ju'),
(92, 'Lu'),
(92, 'Mi'),
(92, 'Sa'),
(93, 'Do'),
(93, 'Lu'),
(93, 'Sa'),
(93, 'Vi'),
(94, 'Ju'),
(94, 'Ma'),
(94, 'Sa'),
(95, 'Ju'),
(95, 'Ma'),
(96, 'Do'),
(96, 'Ma'),
(96, 'Mi'),
(96, 'Sa'),
(96, 'Vi'),
(97, 'Ju'),
(97, 'Lu'),
(97, 'Ma'),
(97, 'Mi'),
(97, 'Sa'),
(98, 'Do'),
(98, 'Ju'),
(98, 'Lu'),
(98, 'Sa'),
(98, 'Vi'),
(99, 'Do'),
(99, 'Ju'),
(99, 'Ma'),
(99, 'Sa'),
(100, 'Do'),
(100, 'Sa'),
(100, 'Vi'),
(101, 'Do'),
(101, 'Ju'),
(101, 'Ma'),
(101, 'Mi'),
(102, 'Ju'),
(102, 'Ma'),
(102, 'Sa'),
(103, 'Ju'),
(103, 'Ma'),
(103, 'Mi'),
(103, 'Vi'),
(104, 'Do'),
(104, 'Ju'),
(104, 'Lu'),
(104, 'Mi'),
(105, 'Do'),
(105, 'Ma'),
(105, 'Mi'),
(105, 'Sa'),
(105, 'Vi'),
(106, 'Do'),
(106, 'Ju'),
(106, 'Lu'),
(106, 'Mi'),
(106, 'Sa'),
(106, 'Vi'),
(107, 'Do'),
(107, 'Ju'),
(107, 'Lu'),
(107, 'Ma'),
(107, 'Mi'),
(108, 'Lu'),
(108, 'Sa'),
(109, 'Do'),
(109, 'Lu'),
(109, 'Ma'),
(109, 'Sa'),
(110, 'Do'),
(110, 'Lu'),
(110, 'Sa'),
(111, 'Do'),
(111, 'Ju'),
(111, 'Ma'),
(112, 'Do'),
(112, 'Ju'),
(112, 'Mi'),
(112, 'Sa'),
(113, 'Do'),
(113, 'Ma'),
(113, 'Mi'),
(114, 'Lu'),
(114, 'Vi'),
(115, 'Lu'),
(115, 'Mi'),
(115, 'Vi'),
(116, 'Do'),
(116, 'Ju'),
(116, 'Ma'),
(116, 'Mi'),
(116, 'Vi'),
(117, 'Lu'),
(117, 'Mi'),
(117, 'Sa'),
(118, 'Do'),
(118, 'Ju'),
(118, 'Lu'),
(118, 'Ma'),
(118, 'Mi'),
(119, 'Do'),
(119, 'Ju'),
(119, 'Lu'),
(119, 'Ma'),
(119, 'Mi'),
(119, 'Vi'),
(120, 'Do'),
(120, 'Ju'),
(120, 'Lu'),
(120, 'Sa'),
(120, 'Vi'),
(121, 'Do'),
(121, 'Lu'),
(121, 'Mi'),
(122, 'Do'),
(122, 'Ju'),
(122, 'Vi'),
(123, 'Ju'),
(123, 'Ma'),
(123, 'Vi'),
(124, 'Do'),
(124, 'Lu'),
(124, 'Sa'),
(124, 'Vi'),
(125, 'Ma'),
(125, 'Mi'),
(125, 'Vi'),
(126, 'Lu'),
(126, 'Mi'),
(126, 'Sa'),
(126, 'Vi'),
(127, 'Do'),
(127, 'Ju'),
(127, 'Lu'),
(127, 'Ma'),
(127, 'Sa'),
(128, 'Ju'),
(128, 'Lu'),
(128, 'Ma'),
(128, 'Mi'),
(128, 'Vi'),
(129, 'Ma'),
(129, 'Mi'),
(130, 'Do'),
(130, 'Ju'),
(130, 'Lu'),
(130, 'Ma'),
(130, 'Mi'),
(130, 'Sa'),
(131, 'Ju'),
(131, 'Lu'),
(131, 'Vi'),
(132, 'Do'),
(132, 'Ma'),
(132, 'Sa'),
(133, 'Do'),
(133, 'Ju'),
(133, 'Ma'),
(133, 'Sa'),
(133, 'Vi'),
(134, 'Sa'),
(134, 'Vi'),
(135, 'Ju'),
(135, 'Ma'),
(135, 'Vi'),
(136, 'Ma'),
(136, 'Mi'),
(136, 'Sa'),
(137, 'Ma'),
(137, 'Sa'),
(138, 'Do'),
(138, 'Ju'),
(138, 'Lu'),
(138, 'Mi'),
(138, 'Sa'),
(138, 'Vi'),
(139, 'Do'),
(139, 'Ju'),
(139, 'Lu'),
(139, 'Mi'),
(139, 'Sa'),
(140, 'Do'),
(140, 'Lu'),
(140, 'Ma'),
(140, 'Sa'),
(141, 'Do'),
(141, 'Ju'),
(141, 'Ma'),
(141, 'Mi'),
(141, 'Sa'),
(142, 'Lu'),
(142, 'Ma'),
(142, 'Mi'),
(142, 'Vi'),
(143, 'Do'),
(143, 'Lu'),
(143, 'Vi'),
(144, 'Do'),
(144, 'Mi'),
(145, 'Do'),
(145, 'Mi'),
(145, 'Vi'),
(146, 'Do'),
(146, 'Ju'),
(146, 'Mi'),
(146, 'Sa'),
(146, 'Vi'),
(147, 'Ju'),
(147, 'Ma'),
(147, 'Vi'),
(148, 'Lu'),
(148, 'Ma'),
(148, 'Mi'),
(149, 'Ju'),
(149, 'Lu'),
(149, 'Mi'),
(150, 'Do'),
(150, 'Lu'),
(150, 'Ma'),
(150, 'Mi'),
(150, 'Sa'),
(150, 'Vi'),
(151, 'Ju'),
(152, 'Ju'),
(152, 'Lu'),
(153, 'Ma'),
(153, 'Mi'),
(154, 'Do'),
(154, 'Ma'),
(155, 'Ju'),
(155, 'Lu'),
(155, 'Mi'),
(156, 'Ju'),
(156, 'Lu'),
(156, 'Ma'),
(156, 'Mi'),
(157, 'Do'),
(157, 'Lu'),
(157, 'Sa'),
(157, 'Vi'),
(158, 'Do'),
(158, 'Lu'),
(158, 'Ma'),
(158, 'Mi'),
(158, 'Sa'),
(158, 'Vi'),
(159, 'Do'),
(159, 'Ma'),
(159, 'Mi'),
(159, 'Sa'),
(159, 'Vi'),
(160, 'Ju'),
(160, 'Lu'),
(160, 'Mi'),
(160, 'Sa'),
(161, 'Do'),
(161, 'Lu'),
(161, 'Ma'),
(161, 'Sa'),
(162, 'Mi'),
(162, 'Sa'),
(162, 'Vi'),
(163, 'Ju'),
(163, 'Lu'),
(163, 'Ma'),
(163, 'Mi'),
(164, 'Do'),
(164, 'Lu'),
(164, 'Mi'),
(164, 'Vi'),
(165, 'Do'),
(165, 'Ju'),
(165, 'Ma'),
(165, 'Mi'),
(166, 'Do'),
(166, 'Ju'),
(166, 'Mi'),
(167, 'Ju'),
(167, 'Lu'),
(167, 'Ma'),
(167, 'Sa'),
(167, 'Vi'),
(168, 'Lu'),
(168, 'Ma'),
(168, 'Sa'),
(169, 'Do'),
(169, 'Ju'),
(169, 'Ma'),
(169, 'Sa'),
(170, 'Ju'),
(170, 'Lu'),
(170, 'Mi'),
(171, 'Lu'),
(171, 'Ma'),
(171, 'Mi'),
(171, 'Sa'),
(171, 'Vi'),
(172, 'Lu'),
(172, 'Mi'),
(172, 'Sa'),
(173, 'Ma'),
(174, 'Lu'),
(174, 'Ma'),
(174, 'Mi'),
(174, 'Sa'),
(174, 'Vi'),
(175, 'Lu'),
(175, 'Ma'),
(175, 'Vi'),
(176, 'Do'),
(176, 'Ju'),
(176, 'Ma'),
(176, 'Sa'),
(177, 'Do'),
(177, 'Ma'),
(178, 'Lu'),
(178, 'Ma'),
(178, 'Vi'),
(179, 'Ju'),
(179, 'Lu'),
(179, 'Sa'),
(179, 'Vi'),
(180, 'Ju'),
(180, 'Ma'),
(180, 'Sa'),
(181, 'Do'),
(181, 'Ma'),
(181, 'Mi'),
(182, 'Sa'),
(182, 'Vi'),
(183, 'Do'),
(183, 'Ju'),
(183, 'Lu'),
(183, 'Mi'),
(183, 'Sa'),
(183, 'Vi'),
(184, 'Do'),
(184, 'Ju'),
(184, 'Lu'),
(184, 'Mi'),
(184, 'Sa'),
(185, 'Ju'),
(185, 'Mi'),
(185, 'Sa'),
(185, 'Vi'),
(186, 'Ju'),
(186, 'Mi'),
(186, 'Vi'),
(187, 'Do'),
(187, 'Lu'),
(187, 'Vi'),
(188, 'Do'),
(188, 'Ju'),
(188, 'Ma'),
(188, 'Mi'),
(188, 'Vi'),
(189, 'Do'),
(189, 'Ma'),
(189, 'Sa'),
(190, 'Lu'),
(190, 'Ma'),
(190, 'Vi'),
(191, 'Ju'),
(191, 'Ma'),
(191, 'Mi'),
(192, 'Lu'),
(192, 'Mi'),
(192, 'Sa'),
(192, 'Vi'),
(193, 'Do'),
(193, 'Ma'),
(193, 'Mi'),
(193, 'Sa'),
(194, 'Do'),
(194, 'Ma'),
(194, 'Sa'),
(194, 'Vi'),
(195, 'Ju'),
(195, 'Mi'),
(195, 'Vi'),
(196, 'Do'),
(196, 'Ju'),
(196, 'Ma'),
(196, 'Mi'),
(197, 'Ju'),
(197, 'Ma'),
(197, 'Mi'),
(197, 'Vi'),
(198, 'Do'),
(198, 'Ju'),
(198, 'Lu'),
(198, 'Ma'),
(198, 'Mi'),
(198, 'Sa'),
(199, 'Ju'),
(199, 'Ma'),
(199, 'Sa'),
(199, 'Vi'),
(201, 'Do'),
(201, 'Lu'),
(201, 'Sa'),
(201, 'Vi'),
(202, 'Do'),
(202, 'Ju'),
(202, 'Lu'),
(202, 'Ma'),
(202, 'Vi'),
(203, 'Do'),
(203, 'Ju'),
(203, 'Mi'),
(203, 'Vi'),
(204, 'Ju'),
(204, 'Lu'),
(204, 'Mi'),
(204, 'Sa'),
(205, 'Do'),
(205, 'Ju'),
(205, 'Vi'),
(206, 'Do'),
(206, 'Ju'),
(206, 'Ma'),
(206, 'Sa'),
(206, 'Vi'),
(207, 'Do'),
(207, 'Ju'),
(207, 'Lu'),
(207, 'Mi'),
(207, 'Sa'),
(208, 'Do'),
(208, 'Ju'),
(208, 'Ma'),
(208, 'Vi'),
(209, 'Do'),
(209, 'Ju'),
(209, 'Lu'),
(209, 'Mi'),
(209, 'Sa'),
(209, 'Vi'),
(210, 'Ju'),
(210, 'Lu'),
(210, 'Sa'),
(210, 'Vi'),
(211, 'Do'),
(211, 'Ju'),
(211, 'Ma'),
(211, 'Vi'),
(212, 'Ju'),
(212, 'Ma'),
(212, 'Vi'),
(213, 'Do'),
(213, 'Lu'),
(213, 'Vi'),
(214, 'Do'),
(214, 'Sa'),
(215, 'Do'),
(215, 'Vi'),
(216, 'Lu'),
(216, 'Ma'),
(216, 'Sa'),
(216, 'Vi'),
(217, 'Do'),
(217, 'Mi'),
(217, 'Sa'),
(218, 'Lu'),
(218, 'Ma'),
(218, 'Mi'),
(218, 'Sa'),
(218, 'Vi'),
(219, 'Do'),
(219, 'Ju'),
(219, 'Ma'),
(220, 'Do'),
(220, 'Ju'),
(220, 'Ma'),
(220, 'Mi'),
(221, 'Lu'),
(221, 'Ma'),
(221, 'Sa'),
(221, 'Vi'),
(222, 'Ma'),
(222, 'Sa'),
(222, 'Vi'),
(223, 'Do'),
(223, 'Ju'),
(223, 'Lu'),
(223, 'Ma'),
(223, 'Mi'),
(223, 'Vi'),
(224, 'Do'),
(224, 'Ju'),
(224, 'Lu'),
(224, 'Mi'),
(224, 'Sa'),
(225, 'Do'),
(225, 'Ju'),
(225, 'Lu'),
(225, 'Ma'),
(225, 'Mi'),
(225, 'Sa'),
(226, 'Ju'),
(226, 'Ma'),
(227, 'Lu'),
(227, 'Ma'),
(228, 'Ju'),
(228, 'Lu'),
(229, 'Do'),
(229, 'Ju'),
(229, 'Ma'),
(229, 'Sa'),
(230, 'Do'),
(230, 'Lu'),
(230, 'Ma'),
(230, 'Mi'),
(230, 'Sa'),
(231, 'Ma'),
(231, 'Sa'),
(231, 'Vi'),
(232, 'Do'),
(232, 'Lu'),
(232, 'Ma'),
(232, 'Sa'),
(232, 'Vi'),
(233, 'Ma'),
(233, 'Mi'),
(233, 'Sa'),
(234, 'Do'),
(234, 'Ju'),
(234, 'Ma'),
(234, 'Mi'),
(235, 'Do'),
(235, 'Ju'),
(235, 'Ma'),
(235, 'Sa'),
(236, 'Do'),
(236, 'Ju'),
(236, 'Lu'),
(237, 'Do'),
(237, 'Ma'),
(237, 'Mi'),
(237, 'Sa'),
(238, 'Lu'),
(238, 'Mi'),
(238, 'Sa'),
(239, 'Do'),
(239, 'Ju'),
(239, 'Lu'),
(239, 'Ma'),
(239, 'Mi'),
(239, 'Vi'),
(240, 'Do'),
(240, 'Ju'),
(240, 'Ma'),
(240, 'Mi'),
(240, 'Vi'),
(241, 'Do'),
(241, 'Lu'),
(241, 'Ma'),
(241, 'Vi'),
(242, 'Do'),
(242, 'Lu'),
(242, 'Mi'),
(242, 'Vi'),
(243, 'Do'),
(243, 'Ju'),
(243, 'Lu'),
(243, 'Vi'),
(244, 'Lu'),
(244, 'Ma'),
(244, 'Mi'),
(244, 'Sa'),
(244, 'Vi'),
(245, 'Do'),
(245, 'Lu'),
(245, 'Ma'),
(245, 'Mi'),
(245, 'Sa'),
(246, 'Ma'),
(246, 'Mi'),
(246, 'Sa'),
(247, 'Ju'),
(247, 'Lu'),
(247, 'Ma'),
(247, 'Vi'),
(248, 'Lu'),
(249, 'Mi'),
(249, 'Vi'),
(250, 'Ju'),
(250, 'Lu'),
(250, 'Ma'),
(250, 'Mi'),
(250, 'Sa'),
(250, 'Vi'),
(251, 'Lu'),
(251, 'Ma'),
(252, 'Lu'),
(252, 'Ma'),
(252, 'Sa'),
(253, 'Do'),
(253, 'Mi'),
(253, 'Vi'),
(254, 'Do'),
(254, 'Ju'),
(254, 'Ma'),
(254, 'Vi'),
(255, 'Mi'),
(255, 'Sa'),
(256, 'Lu'),
(256, 'Ma'),
(256, 'Sa'),
(256, 'Vi'),
(257, 'Lu'),
(257, 'Ma'),
(257, 'Mi'),
(257, 'Vi'),
(258, 'Do'),
(258, 'Ma'),
(258, 'Mi'),
(259, 'Do'),
(259, 'Ju'),
(259, 'Ma'),
(259, 'Mi'),
(259, 'Sa'),
(260, 'Ju'),
(260, 'Sa'),
(260, 'Vi');

--
-- Índices para tablas volcadas
--

--
-- Indices de la tabla `aeropuertos`
--
ALTER TABLE `aeropuertos`
 ADD PRIMARY KEY (`id`);

--
-- Indices de la tabla `aviones`
--
ALTER TABLE `aviones`
 ADD PRIMARY KEY (`id`);

--
-- Indices de la tabla `categorias`
--
ALTER TABLE `categorias`
 ADD PRIMARY KEY (`id`);

--
-- Indices de la tabla `pasajeros`
--
ALTER TABLE `pasajeros`
 ADD PRIMARY KEY (`id`), ADD UNIQUE KEY `dni` (`dni`);

--
-- Indices de la tabla `pasajes`
--
ALTER TABLE `pasajes`
 ADD PRIMARY KEY (`id`), ADD UNIQUE KEY `id_vuelo` (`id_vuelo`,`id_pasajero`), ADD KEY `id_pasajero` (`id_pasajero`), ADD KEY `id_categorias` (`id_categorias`), ADD KEY `id_reserva` (`id_reserva`);

--
-- Indices de la tabla `reservas`
--
ALTER TABLE `reservas`
 ADD PRIMARY KEY (`id`), ADD UNIQUE KEY `id_pasajero` (`id_pasajero`,`id_vuelo`,`fecha_vuelo`), ADD KEY `id_vuelo` (`id_vuelo`), ADD KEY `id_categorias` (`id_categorias`);

--
-- Indices de la tabla `vuelos`
--
ALTER TABLE `vuelos`
 ADD PRIMARY KEY (`id`), ADD KEY `id_avion` (`id_avion`), ADD KEY `id_destino` (`id_destino`), ADD KEY `id_origen` (`id_origen`);

--
-- Indices de la tabla `vuelo_dia`
--
ALTER TABLE `vuelo_dia`
 ADD PRIMARY KEY (`id_vuelo`,`dia`);

--
-- AUTO_INCREMENT de las tablas volcadas
--

--
-- AUTO_INCREMENT de la tabla `aeropuertos`
--
ALTER TABLE `aeropuertos`
MODIFY `id` int(11) NOT NULL AUTO_INCREMENT,AUTO_INCREMENT=99;
--
-- AUTO_INCREMENT de la tabla `aviones`
--
ALTER TABLE `aviones`
MODIFY `id` int(11) NOT NULL AUTO_INCREMENT,AUTO_INCREMENT=5;
--
-- AUTO_INCREMENT de la tabla `categorias`
--
ALTER TABLE `categorias`
MODIFY `id` int(11) NOT NULL AUTO_INCREMENT,AUTO_INCREMENT=3;
--
-- AUTO_INCREMENT de la tabla `pasajeros`
--
ALTER TABLE `pasajeros`
MODIFY `id` int(11) NOT NULL AUTO_INCREMENT,AUTO_INCREMENT=49;
--
-- AUTO_INCREMENT de la tabla `pasajes`
--
ALTER TABLE `pasajes`
MODIFY `id` int(11) NOT NULL AUTO_INCREMENT,AUTO_INCREMENT=8;
--
-- AUTO_INCREMENT de la tabla `reservas`
--
ALTER TABLE `reservas`
MODIFY `id` int(11) NOT NULL AUTO_INCREMENT,AUTO_INCREMENT=38;
--
-- AUTO_INCREMENT de la tabla `vuelos`
--
ALTER TABLE `vuelos`
MODIFY `id` int(11) NOT NULL AUTO_INCREMENT,AUTO_INCREMENT=261;
--
-- Restricciones para tablas volcadas
--

--
-- Filtros para la tabla `pasajes`
--
ALTER TABLE `pasajes`
ADD CONSTRAINT `pasajes_ibfk_1` FOREIGN KEY (`id_pasajero`) REFERENCES `pasajeros` (`id`),
ADD CONSTRAINT `pasajes_ibfk_2` FOREIGN KEY (`id_vuelo`) REFERENCES `vuelos` (`id`),
ADD CONSTRAINT `pasajes_ibfk_3` FOREIGN KEY (`id_categorias`) REFERENCES `categorias` (`id`),
ADD CONSTRAINT `pasajes_ibfk_4` FOREIGN KEY (`id_reserva`) REFERENCES `reservas` (`id`);

--
-- Filtros para la tabla `reservas`
--
ALTER TABLE `reservas`
ADD CONSTRAINT `reservas_ibfk_1` FOREIGN KEY (`id_pasajero`) REFERENCES `pasajeros` (`id`),
ADD CONSTRAINT `reservas_ibfk_2` FOREIGN KEY (`id_vuelo`) REFERENCES `vuelos` (`id`),
ADD CONSTRAINT `reservas_ibfk_3` FOREIGN KEY (`id_categorias`) REFERENCES `categorias` (`id`);

--
-- Filtros para la tabla `vuelos`
--
ALTER TABLE `vuelos`
ADD CONSTRAINT `vuelos_ibfk_1` FOREIGN KEY (`id_avion`) REFERENCES `aviones` (`id`),
ADD CONSTRAINT `vuelos_ibfk_2` FOREIGN KEY (`id_destino`) REFERENCES `aeropuertos` (`id`),
ADD CONSTRAINT `vuelos_ibfk_3` FOREIGN KEY (`id_origen`) REFERENCES `aeropuertos` (`id`);

--
-- Filtros para la tabla `vuelo_dia`
--
ALTER TABLE `vuelo_dia`
ADD CONSTRAINT `vuelo_dia_ibfk_1` FOREIGN KEY (`id_vuelo`) REFERENCES `vuelos` (`id`);

/*!40101 SET CHARACTER_SET_CLIENT=@OLD_CHARACTER_SET_CLIENT */;
/*!40101 SET CHARACTER_SET_RESULTS=@OLD_CHARACTER_SET_RESULTS */;
/*!40101 SET COLLATION_CONNECTION=@OLD_COLLATION_CONNECTION */;
